Time,Angle
0.0,-68.6
0.02,-67.8
0.04,-66.5
0.06,-64.8
0.08,-62.6
0.1,-60.0
0.12,-57.0
0.14,-53.6
0.16,-49.8
0.18,-45.6
0.2,-41.0
0.22,-36.3
0.24,-31.1
0.26,-25.7
0.28,-20.2
0.3,-14.5
0.32,-8.6
0.34,-2.7
0.36,3.2
0.38,9.1
0.4,14.9
0.42,20.5
0.44,26.0
0.46,31.3
0.48,36.3
0.5,41.0
0.52,45.4
0.54,49.3
0.56,53.0
0.58,56.3
0.6,59.0
0.62,61.4
0.64,63.5
0.66,64.9
0.68,66.0
0.7,66.6
0.72,66.8
0.74,66.5
0.76,65.8
0.78,64.6
0.8,63.0
0.82,60.9
0.84,58.4
0.86,55.5
0.88,52.3
0.9,48.6
0.92,44.6
0.94,40.1
0.96,35.5
0.98,30.5
1.0,25.3
1.02,19.9
1.04,14.3
1.06,8.6
1.08,2.9
1.1,-2.9
1.12,-8.6
1.14,-14.2
1.16,-19.8
1.18,-25.1
1.2,-30.2
1.22,-35.1
1.24,-39.7
1.26,-43.9
1.28,-47.9
1.3,-51.4
1.32,-54.5
1.34,-57.3
1.36,-59.7
1.38,-61.6
1.4,-63.1
1.42,-64.1
1.44,-64.7
1.46,-64.9
1.48,-64.6
1.5,-63.9
1.52,-62.7
1.54,-61.1
1.56,-59.0
1.58,-56.6
1.6,-53.7
1.62,-50.5
1.64,-46.9
1.66,-42.9
1.68,-38.6
1.7,-34.0
1.72,-29.2
1.74,-24.0
1.76,-18.7
1.78,-13.3
1.8,-7.7
1.82,-2.2
1.84,3.4
1.86,9.0
1.88,14.5
1.9,19.9
1.92,25.0
1.94,30.0
1.96,34.7
1.98,39.2
2.0,43.3
2.02,47.0
2.04,50.4
2.06,53.5
2.08,56.1
2.1,58.2
2.12,60.0
2.14,61.4
2.16,62.4
2.18,62.8
2.2,62.9
2.22,62.5
2.24,61.7
2.26,60.5
2.28,58.8
2.3,56.7
2.32,54.2
2.34,51.3
2.36,48.0
2.38,44.4
2.4,40.4
2.42,36.1
2.44,31.5
2.46,26.7
2.48,21.7
2.5,16.5
2.52,11.2
2.54,5.8
2.56,0.3
2.58,-5.1
2.6,-10.6
2.62,-15.8
2.64,-21.1
2.66,-26.0
2.68,-30.8
2.7,-35.3
2.72,-39.5
2.74,-43.4
2.76,-47.0
2.78,-50.1
2.8,-52.9
2.82,-55.4
2.84,-57.3
2.86,-59.0
2.88,-60.1
2.9,-60.8
2.92,-61.2
2.94,-61.1
2.96,-60.6
2.98,-59.6
3.0,-58.2
3.02,-56.3
3.04,-54.2
3.06,-51.6
3.08,-48.6
3.1,-45.2
3.12,-41.5
3.14,-37.5
3.16,-33.2
3.18,-28.6
3.2,-23.8
3.22,-18.8
3.24,-13.7
3.26,-8.5
3.28,-3.2
3.3,2.2
3.32,7.5
3.34,12.7
3.36,17.8
3.38,22.8
3.4,27.5
3.42,32.0
3.44,36.4
3.46,40.3
3.48,43.9
3.5,47.2
3.52,50.1
3.54,52.7
3.56,54.8
3.58,56.6
3.6,57.9
3.62,58.8
3.64,59.3
3.66,59.4
3.68,59.0
3.7,58.2
3.72,57.1
3.74,55.4
3.76,53.5
3.78,51.1
3.8,48.3
3.82,45.2
3.84,41.7
3.86,37.9
3.88,33.8
3.9,29.4
3.92,24.8
3.94,20.1
3.96,15.1
3.98,10.0
4.0,4.9
4.02,-0.4
4.04,-5.5
4.06,-10.6
4.08,-15.7
4.1,-20.5
4.12,-25.3
4.14,-29.8
4.16,-34.0
4.18,-38.0
4.2,-41.6
4.22,-44.9
4.24,-47.9
4.26,-50.5
4.28,-52.7
4.3,-54.6
4.32,-56.0
4.34,-57.1
4.36,-57.6
4.38,-57.9
4.4,-57.6
4.42,-57.0
4.44,-56.0
4.46,-54.5
4.48,-52.7
4.5,-50.4
4.52,-47.8
4.54,-44.9
4.56,-41.6
4.58,-37.9
4.6,-34.0
4.62,-29.8
4.64,-25.4
4.66,-20.7
4.68,-15.9
4.7,-11.0
4.72,-6.0
4.74,-0.9
4.76,4.1
4.78,9.2
4.8,14.1
4.82,18.9
4.84,23.5
4.86,28.0
4.88,32.1
4.9,36.1
4.92,39.7
4.94,43.0
4.96,46.0
4.98,48.7
5.0,50.9
5.02,52.7
5.04,54.2
5.06,55.3
5.08,55.9
5.1,56.2
5.12,56.1
5.14,55.5
5.16,54.5
5.18,53.2
5.2,51.4
5.22,49.2
5.24,46.8
5.26,43.9
5.28,40.7
5.3,37.2
5.32,33.4
5.34,29.3
5.36,25.0
5.38,20.5
5.4,15.8
5.42,11.1
5.44,6.2
5.46,1.3
5.48,-3.7
5.5,-8.6
5.52,-13.4
5.54,-18.1
5.56,-22.6
5.58,-27.0
5.6,-31.1
5.62,-34.9
5.64,-38.5
5.66,-41.8
5.68,-44.6
5.7,-47.2
5.72,-49.5
5.74,-51.3
5.76,-52.7
5.78,-53.8
5.8,-54.5
5.82,-54.7
5.84,-54.6
5.86,-54.1
5.88,-53.2
5.9,-51.8
5.92,-50.1
5.94,-48.1
5.96,-45.6
5.98,-42.8
6.0,-39.7
6.02,-36.3
6.04,-32.6
6.06,-28.6
6.08,-24.4
6.1,-20.0
6.12,-15.4
6.14,-10.7
6.16,-6.0
6.18,-1.2
6.2,3.7
6.22,8.4
6.24,13.1
6.26,17.7
6.28,22.1
6.3,26.4
6.32,30.3
6.34,34.1
6.36,37.5
6.38,40.8
6.4,43.6
6.42,46.1
6.44,48.2
6.46,50.0
6.48,51.4
6.5,52.4
6.52,53.0
6.54,53.3
6.56,53.1
6.58,52.6
6.6,51.6
6.62,50.2
6.64,48.5
6.66,46.4
6.68,44.0
6.7,41.2
6.72,38.2
6.74,34.7
6.76,31.1
6.78,27.2
6.8,23.0
6.82,18.7
6.84,14.3
6.86,9.7
6.88,5.0
6.9,0.4
6.92,-4.3
6.94,-9.0
6.96,-13.6
6.98,-18.0
7.0,-22.2
7.02,-26.4
7.04,-30.2
7.06,-33.8
7.08,-37.2
7.1,-40.2
7.12,-42.9
7.14,-45.4
7.16,-47.3
7.18,-49.1
7.2,-50.3
7.22,-51.2
7.24,-51.8
7.26,-51.9
7.28,-51.8
7.3,-51.0
7.32,-50.0
7.34,-48.7
7.36,-47.0
7.38,-44.8
7.4,-42.4
7.42,-39.6
7.44,-36.5
7.46,-33.2
7.48,-29.5
7.5,-25.7
7.52,-21.6
7.54,-17.4
7.56,-13.0
7.58,-8.5
7.6,-3.9
7.62,0.7
7.64,5.3
7.66,9.8
7.68,14.2
7.7,18.5
7.72,22.7
7.74,26.6
7.76,30.3
7.78,33.8
7.8,37.0
7.82,39.9
7.84,42.5
7.86,44.7
7.88,46.6
7.9,48.2
7.92,49.3
7.94,50.0
7.96,50.5
7.98,50.5
8.0,50.1
8.02,49.4
8.04,48.3
8.06,46.9
8.08,45.0
8.1,42.8
8.12,40.3
8.14,37.5
8.16,34.5
8.18,31.1
8.2,27.5
8.22,23.6
8.24,19.5
8.26,15.3
8.28,11.0
8.3,6.6
8.32,2.2
8.34,-2.3
8.36,-6.8
8.38,-11.2
8.4,-15.5
8.42,-19.6
8.44,-23.6
8.46,-27.4
8.48,-30.9
8.5,-34.2
8.52,-37.3
8.54,-40.0
8.56,-42.3
8.58,-44.4
8.6,-46.1
8.62,-47.4
8.64,-48.4
8.66,-49.1
8.68,-49.3
8.7,-49.2
8.72,-48.7
8.74,-47.9
8.76,-46.6
8.78,-45.1
8.8,-43.1
8.82,-40.9
8.84,-38.3
8.86,-35.5
8.88,-32.3
8.9,-28.9
8.92,-25.2
8.94,-21.4
8.96,-17.4
8.98,-13.2
9.0,-8.9
9.02,-4.6
9.04,-0.3
9.06,4.1
9.08,8.5
9.1,12.7
9.12,16.8
9.14,20.8
9.16,24.7
9.18,28.2
9.2,31.6
9.22,34.7
9.24,37.5
9.26,40.1
9.28,42.2
9.3,44.0
9.32,45.5
9.34,46.7
9.36,47.5
9.38,48.0
9.4,48.1
9.42,47.7
9.44,47.1
9.46,46.1
9.48,44.6
9.5,42.9
9.52,41.0
9.54,38.5
9.56,35.9
9.58,32.9
9.6,29.7
9.62,26.3
9.64,22.6
9.66,18.7
9.68,14.8
9.7,10.6
9.72,6.4
9.74,2.2
9.76,-2.1
9.78,-6.4
9.8,-10.5
9.82,-14.7
9.84,-18.6
9.86,-22.4
9.88,-26.0
9.9,-29.3
9.92,-32.5
9.94,-35.4
9.96,-38.0
9.98,-40.2
10.0,-42.2
10.02,-43.8
10.04,-45.2
10.06,-46.1
10.08,-46.7
10.1,-46.9
10.12,-46.8
10.14,-46.4
10.16,-45.5
10.18,-44.3
10.2,-42.7
10.22,-40.9
10.24,-38.7
10.26,-36.2
10.28,-33.4
10.3,-30.4
10.32,-27.1
10.34,-23.6
10.36,-19.9
10.38,-16.1
10.4,-12.1
10.42,-8.0
10.44,-3.9
10.46,0.4
10.48,4.5
10.5,8.6
10.52,12.7
10.54,16.6
10.56,20.3
10.58,23.9
10.6,27.4
10.62,30.5
10.64,33.5
10.66,36.1
10.68,38.4
10.7,40.5
10.72,42.2
10.74,43.7
10.76,44.6
10.78,45.4
10.8,45.7
10.82,45.7
10.84,45.4
10.86,44.6
10.88,43.6
10.9,42.2
10.92,40.4
10.94,38.4
10.96,36.1
10.98,33.5
11.0,30.6
11.02,27.5
11.04,24.1
11.06,20.5
11.08,16.8
11.1,13.0
11.12,9.0
11.14,5.0
11.16,0.9
11.18,-3.2
11.2,-7.2
11.22,-11.2
11.24,-15.1
11.26,-18.8
11.28,-22.4
11.3,-25.8
11.32,-29.0
11.34,-31.9
11.36,-34.6
11.38,-36.9
11.4,-39.1
11.42,-40.8
11.44,-42.2
11.46,-43.4
11.48,-44.2
11.5,-44.6
11.52,-44.6
11.54,-44.5
11.56,-43.8
11.58,-42.9
11.6,-41.7
11.62,-40.1
11.64,-38.2
11.66,-35.9
11.68,-33.5
11.7,-30.7
11.72,-27.7
11.74,-24.5
11.76,-21.1
11.78,-17.5
11.8,-13.7
11.82,-9.8
11.84,-5.9
11.86,-2.0
11.88,2.1
11.9,6.0
11.92,9.9
11.94,13.8
11.96,17.5
11.98,21.0
12.0,24.3
12.02,27.5
12.04,30.4
12.06,33.1
12.08,35.5
12.1,37.6
12.12,39.4
12.14,40.9
12.16,42.1
12.18,42.9
12.2,43.4
12.22,43.6
12.24,43.4
12.26,42.9
12.28,42.0
12.3,40.9
12.32,39.3
12.34,37.5
12.36,35.5
12.38,33.1
12.4,30.4
12.42,27.5
12.44,24.5
12.46,21.2
12.48,17.6
12.5,14.0
12.52,10.3
12.54,6.4
12.56,2.5
12.58,-1.3
12.6,-5.2
12.62,-9.1
12.64,-12.8
12.66,-16.5
12.68,-20.0
12.7,-23.3
12.72,-26.4
12.74,-29.3
12.76,-32.0
12.78,-34.3
12.8,-36.5
12.82,-38.2
12.84,-39.8
12.86,-41.0
12.88,-41.9
12.9,-42.4
12.92,-42.6
12.94,-42.5
12.96,-42.0
12.98,-41.3
13.0,-40.2
13.02,-38.8
13.04,-37.0
13.06,-35.0
13.08,-32.8
13.1,-30.2
13.12,-27.4
13.14,-24.4
13.16,-21.2
13.18,-17.7
13.2,-14.2
13.22,-10.5
13.24,-6.8
13.26,-3.1
13.28,0.8
13.3,4.6
13.32,8.4
13.34,12.0
13.36,15.6
13.38,19.0
13.4,22.3
13.42,25.4
13.44,28.3
13.46,30.9
13.48,33.2
13.5,35.4
13.52,37.2
13.54,38.7
13.56,39.9
13.58,40.8
13.6,41.3
13.62,41.6
13.64,41.5
13.66,41.0
13.68,40.3
13.7,39.3
13.72,37.9
13.74,36.3
13.76,34.3
13.78,32.1
13.8,29.6
13.82,26.9
13.84,23.9
13.86,20.8
13.88,17.5
13.9,14.0
13.92,10.4
13.94,6.8
13.96,3.2
13.98,-0.6
14.0,-4.3
14.02,-8.0
14.04,-11.6
14.06,-15.1
14.08,-18.5
14.1,-21.7
14.12,-24.7
14.14,-27.5
14.16,-30.1
14.18,-32.4
14.2,-34.5
14.22,-36.3
14.24,-37.8
14.26,-39.0
14.28,-39.9
14.3,-40.4
14.32,-40.7
14.34,-40.6
14.36,-40.2
14.38,-39.5
14.4,-38.5
14.42,-37.2
14.44,-35.6
14.46,-33.7
14.48,-31.5
14.5,-29.1
14.52,-26.4
14.54,-23.6
14.56,-20.4
14.58,-17.2
14.6,-13.9
14.62,-10.4
14.64,-6.8
14.66,-3.2
14.68,0.5
14.7,4.1
14.72,7.7
14.74,11.3
14.76,14.7
14.78,18.0
14.8,21.2
14.82,24.0
14.84,26.8
14.86,29.3
14.88,31.7
14.9,33.7
14.92,35.4
14.94,36.9
14.96,38.1
14.98,39.0
15.0,39.5
15.02,39.7
15.04,39.6
15.06,39.2
15.08,38.5
15.1,37.5
15.12,36.3
15.14,34.7
15.16,32.8
15.18,30.7
15.2,28.3
15.22,25.7
15.24,22.9
15.26,19.8
15.28,16.7
15.3,13.3
15.32,9.9
15.34,6.5
15.36,2.9
15.38,-0.7
15.4,-4.2
15.42,-7.7
15.44,-11.2
15.46,-14.6
15.48,-17.7
15.5,-20.8
15.52,-23.8
15.54,-26.5
15.56,-28.9
15.58,-31.1
15.6,-33.0
15.62,-34.7
15.64,-36.2
15.66,-37.4
15.68,-38.2
15.7,-38.7
15.72,-38.9
15.74,-38.8
15.76,-38.4
15.78,-37.7
15.8,-36.7
15.82,-35.4
15.84,-33.8
15.86,-32.0
15.88,-29.9
15.9,-27.5
15.92,-24.9
15.94,-22.2
15.96,-19.3
15.98,-16.1
16.0,-12.9
16.02,-9.5
16.04,-6.0
16.06,-2.6
16.08,0.9
16.1,4.4
16.12,7.8
16.14,11.2
16.16,14.5
16.18,17.6
16.2,20.6
16.22,23.4
16.24,26.0
16.26,28.4
16.28,30.6
16.3,32.5
16.32,34.1
16.34,35.5
16.36,36.5
16.38,37.4
16.4,37.8
16.42,38.0
16.44,37.9
16.46,37.4
16.48,36.7
16.5,35.6
16.52,34.4
16.54,32.8
16.56,31.0
16.58,28.9
16.6,26.6
16.62,24.0
16.64,21.2
16.66,18.4
16.68,15.3
16.7,12.1
16.72,8.7
16.74,5.4
16.76,2.0
16.78,-1.4
16.8,-4.9
16.82,-8.2
16.84,-11.4
16.86,-14.7
16.88,-17.6
16.9,-20.6
16.92,-23.3
16.94,-25.8
16.96,-28.2
16.98,-30.2
17.0,-32.0
17.02,-33.7
17.04,-34.9
17.06,-35.9
17.08,-36.6
17.1,-37.1
17.12,-37.2
17.14,-37.1
17.16,-36.6
17.18,-35.8
17.2,-34.8
17.22,-33.5
17.24,-31.9
17.26,-30.1
17.28,-28.0
17.3,-25.7
17.32,-23.1
17.34,-20.4
17.36,-17.6
17.38,-14.5
17.4,-11.3
17.42,-8.1
17.44,-4.8
17.46,-1.4
17.48,1.9
17.5,5.2
17.52,8.5
17.54,11.7
17.56,14.8
17.58,17.7
17.6,20.6
17.62,23.2
17.64,25.7
17.66,27.9
17.68,29.9
17.7,31.6
17.72,33.1
17.74,34.3
17.76,35.3
17.78,35.9
17.8,36.3
17.82,36.4
17.84,36.1
17.86,35.6
17.88,34.8
17.9,33.7
17.92,32.4
17.94,30.8
17.96,28.9
17.98,26.8
18.0,24.5
18.02,22.0
18.04,19.3
18.06,16.5
18.08,13.4
18.1,10.4
18.12,7.2
18.14,3.9
18.16,0.6
18.18,-2.6
18.2,-5.9
18.22,-9.1
18.24,-12.2
18.26,-15.2
18.28,-18.1
18.3,-20.8
18.32,-23.3
18.34,-25.7
18.36,-27.8
18.38,-29.7
18.4,-31.3
18.42,-32.8
18.44,-33.8
18.46,-34.7
18.48,-35.3
18.5,-35.6
18.52,-35.6
18.54,-35.3
18.56,-34.7
18.58,-33.9
18.6,-32.8
18.62,-31.4
18.64,-29.8
18.66,-27.9
18.68,-25.8
18.7,-23.5
18.72,-21.0
18.74,-18.3
18.76,-15.5
18.78,-12.5
18.8,-9.5
18.82,-6.3
18.84,-3.2
18.86,0.1
18.88,3.3
18.9,6.5
18.92,9.6
18.94,12.6
18.96,15.6
18.98,18.4
19.0,21.0
19.02,23.4
19.04,25.7
19.06,27.6
19.08,29.4
19.1,31.1
19.12,32.3
19.14,33.3
19.16,34.1
19.18,34.6
19.2,34.7
19.22,34.7
19.24,34.4
19.26,33.7
19.28,32.9
19.3,31.7
19.32,30.2
19.34,28.5
19.36,26.6
19.38,24.6
19.4,22.2
19.42,19.7
19.44,17.0
19.46,14.2
19.48,11.3
19.5,8.3
19.52,5.1
19.54,2.1
19.56,-1.1
19.58,-4.2
19.6,-7.3
19.62,-10.4
19.64,-13.2
19.66,-16.1
19.68,-18.7
19.7,-21.2
19.72,-23.7
19.74,-25.7
19.76,-27.6
19.78,-29.3
19.8,-30.8
19.82,-32.0
19.84,-32.9
19.86,-33.6
19.88,-34.0
19.9,-34.1
19.92,-33.9
19.94,-33.6
19.96,-32.9
19.98,-31.9
20.0,-30.6
20.02,-29.2
20.04,-27.5
20.06,-25.5
20.08,-23.4
20.1,-21.1
20.12,-18.5
20.14,-15.8
20.16,-13.1
20.18,-10.2
20.2,-7.2
20.22,-4.1
20.24,-1.1
20.26,2.0
20.28,5.0
20.3,8.1
20.32,11.0
20.34,13.9
20.36,16.6
20.38,19.2
20.4,21.6
20.42,23.8
20.44,25.8
20.46,27.6
20.48,29.3
20.5,30.5
20.52,31.6
20.54,32.5
20.56,33.0
20.58,33.3
20.6,33.3
20.62,33.1
20.64,32.6
20.66,31.8
20.68,30.7
20.7,29.4
20.72,27.9
20.74,26.2
20.76,24.2
20.78,22.1
20.8,19.6
20.82,17.1
20.84,14.5
20.86,11.7
20.88,8.8
20.9,5.9
20.92,2.9
20.94,-0.1
20.96,-3.2
20.98,-6.1
21.0,-9.0
21.02,-11.9
21.04,-14.7
21.06,-17.2
21.08,-19.7
21.1,-22.0
21.12,-24.1
21.14,-26.0
21.16,-27.7
21.18,-29.2
21.2,-30.4
21.22,-31.3
21.24,-32.0
21.26,-32.5
21.28,-32.7
21.3,-32.7
21.32,-32.3
21.34,-31.7
21.36,-30.9
21.38,-29.7
21.4,-28.3
21.42,-26.8
21.44,-24.9
21.46,-23.0
21.48,-20.8
21.5,-18.4
21.52,-15.8
21.54,-13.2
21.56,-10.4
21.58,-7.7
21.6,-4.7
21.62,-1.7
21.64,1.2
21.66,4.1
21.68,7.0
21.7,9.9
21.72,12.6
21.74,15.3
21.76,17.7
21.78,20.2
21.8,22.3
21.82,24.3
21.84,26.1
21.86,27.6
21.88,29.0
21.9,30.1
21.92,31.0
21.94,31.6
21.96,31.9
21.98,32.0
22.0,31.8
22.02,31.3
22.04,30.7
22.06,29.7
22.08,28.5
22.1,27.1
22.12,25.5
22.14,23.6
22.16,21.5
22.18,19.3
22.2,16.9
22.22,14.4
22.24,11.7
22.26,9.0
22.28,6.2
22.3,3.3
22.32,0.5
22.34,-2.4
22.36,-5.3
22.38,-8.2
22.4,-10.9
22.42,-13.6
22.44,-16.1
22.46,-18.5
22.48,-20.7
22.5,-22.8
22.52,-24.7
22.54,-26.3
22.56,-27.7
22.58,-29.0
22.6,-29.9
22.62,-30.7
22.64,-31.1
22.66,-31.3
22.68,-31.3
22.7,-31.1
22.72,-30.5
22.74,-29.7
22.76,-28.7
22.78,-27.4
22.8,-25.9
22.82,-24.2
22.84,-22.3
22.86,-20.2
22.88,-18.0
22.9,-15.6
22.92,-13.1
22.94,-10.4
22.96,-7.7
22.98,-4.9
23.0,-2.1
23.02,0.8
23.04,3.6
23.06,6.4
23.08,9.1
23.1,11.8
23.12,14.3
23.14,16.7
23.16,19.1
23.18,21.2
23.2,23.1
23.22,24.8
23.24,26.4
23.26,27.7
23.28,28.8
23.3,29.6
23.32,30.2
23.34,30.6
23.36,30.7
23.38,30.5
23.4,30.2
23.42,29.4
23.44,28.5
23.46,27.5
23.48,26.1
23.5,24.6
23.52,22.8
23.54,20.8
23.56,18.7
23.58,16.4
23.6,14.0
23.62,11.4
23.64,8.8
23.66,6.1
23.68,3.4
23.7,0.6
23.72,-2.2
23.74,-5.0
23.76,-7.7
23.78,-10.3
23.8,-12.9
23.82,-15.3
23.84,-17.6
23.86,-19.7
23.88,-21.8
23.9,-23.6
23.92,-25.1
23.94,-26.6
23.96,-27.7
23.98,-28.7
24.0,-29.3
24.02,-29.9
24.04,-30.1
24.06,-30.1
24.08,-29.8
24.1,-29.3
24.12,-28.5
24.14,-27.5
24.16,-26.4
24.18,-24.9
24.2,-23.3
24.22,-21.5
24.24,-19.4
24.26,-17.3
24.28,-15.0
24.3,-12.5
24.32,-10.0
24.34,-7.5
24.36,-4.8
24.38,-2.1
24.4,0.7
24.42,3.4
24.44,6.1
24.46,8.7
24.48,11.3
24.5,13.8
24.52,16.0
24.54,18.3
24.56,20.2
24.58,22.1
24.6,23.8
24.62,25.3
24.64,26.6
24.66,27.6
24.68,28.4
24.7,29.0
24.72,29.3
24.74,29.4
24.76,29.3
24.78,28.9
24.8,28.3
24.82,27.5
24.84,26.4
24.86,25.0
24.88,23.5
24.9,21.8
24.92,19.9
24.94,17.9
24.96,15.7
24.98,13.4
25.0,10.9
25.02,8.4
25.04,5.9
25.06,3.2
25.08,0.5
25.1,-2.2
25.12,-4.9
25.14,-7.4
25.16,-10.0
25.18,-12.4
25.2,-14.8
25.22,-16.9
25.24,-19.0
25.26,-20.9
25.28,-22.7
25.3,-24.2
25.32,-25.6
25.34,-26.6
25.36,-27.5
25.38,-28.3
25.4,-28.6
25.42,-28.9
25.44,-28.8
25.46,-28.5
25.48,-28.1
25.5,-27.3
25.52,-26.4
25.54,-25.2
25.56,-23.8
25.58,-22.2
25.6,-20.4
25.62,-18.5
25.64,-16.5
25.66,-14.2
25.68,-11.9
25.7,-9.5
25.72,-6.9
25.74,-4.3
25.76,-1.7
25.78,0.9
25.8,3.5
25.82,6.0
25.84,8.6
25.86,11.0
25.88,13.4
25.9,15.6
25.92,17.7
25.94,19.6
25.96,21.4
25.98,23.0
26.0,24.4
26.02,25.6
26.04,26.6
26.06,27.4
26.08,27.8
26.1,28.2
26.12,28.2
26.14,28.1
26.16,27.6
26.18,27.0
26.2,26.2
26.22,25.1
26.24,23.8
26.26,22.4
26.28,20.7
26.3,18.9
26.32,16.9
26.34,14.8
26.36,12.6
26.38,10.2
26.4,7.7
26.42,5.2
26.44,2.7
26.46,0.2
26.48,-2.4
26.5,-5.0
26.52,-7.5
26.54,-9.9
26.56,-12.2
26.58,-14.4
26.6,-16.6
26.62,-18.5
26.64,-20.3
26.66,-22.0
26.68,-23.4
26.7,-24.7
26.72,-25.7
26.74,-26.6
26.76,-27.2
26.78,-27.5
26.8,-27.7
26.82,-27.6
26.84,-27.4
26.86,-26.8
26.88,-26.1
26.9,-25.1
26.92,-24.0
26.94,-22.6
26.96,-21.1
26.98,-19.3
27.0,-17.5
27.02,-15.4
27.04,-13.3
27.06,-11.1
27.08,-8.6
27.1,-6.2
27.12,-3.8
27.14,-1.3
27.16,1.3
27.18,3.8
27.2,6.2
27.22,8.6
27.24,11.0
27.26,13.2
27.28,15.3
27.3,17.3
27.32,19.2
27.34,20.8
27.36,22.3
27.38,23.7
27.4,24.7
27.42,25.7
27.44,26.4
27.46,26.8
27.48,27.1
27.5,27.1
27.52,26.9
27.54,26.5
27.56,25.8
27.58,24.9
27.6,23.8
27.62,22.6
27.64,21.2
27.66,19.5
27.68,17.7
27.7,15.8
27.72,13.8
27.74,11.6
27.76,9.3
27.78,6.9
27.8,4.5
27.82,2.1
27.84,-0.4
27.86,-2.8
27.88,-5.3
27.9,-7.7
27.92,-10.0
27.94,-12.2
27.96,-14.3
27.98,-16.3
28.0,-18.2
28.02,-19.9
28.04,-21.4
28.06,-22.8
28.08,-23.9
28.1,-24.8
28.12,-25.7
28.14,-26.2
28.16,-26.6
28.18,-26.6
28.2,-26.6
28.22,-26.2
28.24,-25.7
28.26,-24.8
28.28,-23.8
28.3,-22.7
28.32,-21.3
28.34,-19.8
28.36,-18.2
28.38,-16.3
28.4,-14.3
28.42,-12.2
28.44,-10.0
28.46,-7.7
28.48,-5.4
28.5,-3.0
28.52,-0.6
28.54,1.8
28.56,4.2
28.58,6.6
28.6,8.9
28.62,11.1
28.64,13.2
28.66,15.2
28.68,17.1
28.7,18.8
28.72,20.4
28.74,21.8
28.76,23.0
28.78,24.0
28.8,24.8
28.82,25.4
28.84,25.8
28.86,26.0
28.88,26.0
28.9,25.7
28.92,25.3
28.94,24.6
28.96,23.7
28.98,22.6
29.0,21.3
29.02,19.9
29.04,18.3
29.06,16.6
29.08,14.7
29.1,12.6
29.12,10.5
29.14,8.3
29.16,6.0
29.18,3.7
29.2,1.3
29.22,-1.1
29.24,-3.4
29.26,-5.8
29.28,-8.0
29.3,-10.2
29.32,-12.3
29.34,-14.3
29.36,-16.2
29.38,-17.9
29.4,-19.5
29.42,-21.0
29.44,-22.2
29.46,-23.3
29.48,-24.1
29.5,-24.7
29.52,-25.3
29.54,-25.5
29.56,-25.6
29.58,-25.4
29.6,-24.9
29.62,-24.4
29.64,-23.6
29.66,-22.6
29.68,-21.4
29.7,-20.1
29.72,-18.5
29.74,-16.8
29.76,-15.0
29.78,-13.1
29.8,-11.1
29.82,-8.9
29.84,-6.7
29.86,-4.4
29.88,-2.1
29.9,0.2
29.92,2.5
29.94,4.8
29.96,7.0
29.98,9.3
30.0,11.3
30.02,13.3
30.04,15.2
30.06,17.0
30.08,18.6
30.1,20.1
30.12,21.3
30.14,22.4
30.16,23.3
30.18,24.0
30.2,24.6
30.22,24.8
30.24,24.9
30.26,24.8
30.28,24.6
30.3,24.0
30.32,23.3
30.34,22.4
30.36,21.3
30.38,20.0
30.4,18.5
30.42,17.0
30.44,15.2
30.46,13.3
30.48,11.3
30.5,9.3
30.52,7.1
30.54,5.0
30.56,2.7
30.58,0.5
30.6,-1.9
30.62,-4.1
30.64,-6.3
30.66,-8.5
30.68,-10.6
30.7,-12.6
30.72,-14.5
30.74,-16.2
30.76,-17.8
30.78,-19.3
30.8,-20.6
30.82,-21.8
30.84,-22.7
30.86,-23.4
30.88,-24.0
30.9,-24.4
30.92,-24.5
30.94,-24.5
30.96,-24.2
30.98,-23.8
31.0,-23.1
31.02,-22.3
31.04,-21.2
31.06,-20.1
31.08,-18.7
31.1,-17.2
31.12,-15.5
31.14,-13.7
31.16,-11.8
31.18,-9.8
31.2,-7.7
31.22,-5.6
31.24,-3.3
31.26,-1.2
31.28,1.1
31.3,3.3
31.32,5.5
31.34,7.7
31.36,9.7
31.38,11.7
31.4,13.6
31.42,15.3
31.44,17.0
31.46,18.5
31.48,19.8
31.5,21.0
31.52,22.0
31.54,22.8
31.56,23.3
31.58,23.8
31.6,23.9
31.62,23.9
31.64,23.8
31.66,23.4
31.68,22.8
31.7,22.1
31.72,21.1
31.74,20.0
31.76,18.6
31.78,17.2
31.8,15.6
31.82,13.9
31.84,12.0
31.86,10.1
31.88,8.0
31.9,5.9
31.92,3.8
31.94,1.6
31.96,-0.5
31.98,-2.7
32.0,-4.9
32.02,-7.0
32.04,-9.0
32.06,-11.0
32.08,-12.9
32.1,-14.7
32.12,-16.3
32.14,-17.7
32.16,-19.1
32.18,-20.3
32.2,-21.3
32.22,-22.1
32.24,-22.8
32.26,-23.2
32.28,-23.5
32.3,-23.6
32.32,-23.4
32.34,-23.1
32.36,-22.6
32.38,-21.9
32.4,-21.0
32.42,-19.9
32.44,-18.7
32.46,-17.3
32.48,-15.8
32.5,-14.1
32.52,-12.3
32.54,-10.4
32.56,-8.5
32.58,-6.5
32.6,-4.3
32.62,-2.2
32.64,-0.1
32.66,2.1
32.68,4.1
32.7,6.2
32.72,8.3
32.74,10.3
32.76,12.1
32.78,13.9
32.8,15.5
32.82,17.0
32.84,18.4
32.86,19.5
32.88,20.6
32.9,21.4
32.92,22.1
32.94,22.6
32.96,23.0
32.98,23.0
33.0,23.0
33.02,22.7
33.04,22.2
33.06,21.6
33.08,20.7
33.1,19.7
33.12,18.5
33.14,17.3
33.16,15.8
33.18,14.1
33.2,12.4
33.22,10.6
33.24,8.7
33.26,6.8
33.28,4.7
33.3,2.6
33.32,0.5
33.34,-1.6
33.36,-3.7
33.38,-5.7
33.4,-7.7
33.42,-9.6
33.44,-11.4
33.46,-13.2
33.48,-14.9
33.5,-16.4
33.52,-17.7
33.54,-19.0
33.56,-20.0
33.58,-20.9
33.6,-21.6
33.62,-22.1
33.64,-22.5
33.66,-22.6
33.68,-22.6
33.7,-22.3
33.72,-22.0
33.74,-21.3
33.76,-20.6
33.78,-19.6
33.8,-18.5
33.82,-17.3
33.84,-15.8
33.86,-14.3
33.88,-12.7
33.9,-10.9
33.92,-9.1
33.94,-7.1
33.96,-5.1
33.98,-3.2
34.0,-1.1
34.02,1.0
34.04,3.1
34.06,5.0
34.08,7.0
34.1,8.9
34.12,10.8
34.14,12.5
34.16,14.1
34.18,15.7
34.2,17.0
34.22,18.3
34.24,19.3
34.26,20.2
34.28,21.0
34.3,21.5
34.32,21.9
34.34,22.1
34.36,22.1
34.38,22.0
34.4,21.6
34.42,21.0
34.44,20.2
34.46,19.4
34.48,18.4
34.5,17.1
34.52,15.8
34.54,14.3
34.56,12.7
34.58,11.0
34.6,9.2
34.62,7.3
34.64,5.4
34.66,3.4
34.68,1.4
34.7,-0.6
34.72,-2.6
34.74,-4.6
34.76,-6.6
34.78,-8.5
34.8,-10.3
34.82,-12.0
34.84,-13.6
34.86,-15.1
34.88,-16.5
34.9,-17.7
34.92,-18.8
34.94,-19.7
34.96,-20.4
34.98,-21.1
35.0,-21.4
35.02,-21.7
35.04,-21.7
35.06,-21.6
35.08,-21.2
35.1,-20.8
35.12,-20.1
35.14,-19.3
35.16,-18.3
35.18,-17.1
35.2,-15.8
35.22,-14.4
35.24,-12.9
35.26,-11.3
35.28,-9.5
35.3,-7.7
35.32,-5.8
35.34,-3.9
35.36,-1.9
35.38,0.1
35.4,2.1
35.42,4.1
35.44,5.9
35.46,7.8
35.48,9.6
35.5,11.3
35.52,13.0
35.54,14.4
35.56,15.8
35.58,17.0
35.6,18.1
35.62,19.1
35.64,19.9
35.66,20.4
35.68,20.9
35.7,21.2
35.72,21.2
35.74,21.2
35.76,20.9
35.78,20.4
35.8,19.8
35.82,19.0
35.84,18.1
35.86,16.9
35.88,15.7
35.9,14.3
35.92,12.9
35.94,11.3
35.96,9.5
35.98,7.7
36.0,5.9
36.02,4.1
36.04,2.2
36.06,0.2
36.08,-1.7
36.1,-3.7
36.12,-5.6
36.14,-7.4
36.16,-9.2
36.18,-10.9
36.2,-12.4
36.22,-14.0
36.24,-15.3
36.26,-16.6
36.28,-17.6
36.3,-18.6
36.32,-19.3
36.34,-20.0
36.36,-20.4
36.38,-20.8
36.4,-20.9
36.42,-20.8
36.44,-20.5
36.46,-20.2
36.48,-19.5
36.5,-18.8
36.52,-17.9
36.54,-16.8
36.56,-15.7
36.58,-14.3
36.6,-12.9
36.62,-11.3
36.64,-9.7
36.66,-8.0
36.68,-6.2
36.7,-4.4
36.72,-2.5
36.74,-0.6
36.76,1.3
36.78,3.2
36.8,5.0
36.82,6.8
36.84,8.6
36.86,10.3
36.88,11.9
36.9,13.3
36.92,14.7
36.94,15.9
36.96,17.0
36.98,18.0
37.0,18.8
37.02,19.4
37.04,19.9
37.06,20.2
37.08,20.3
37.1,20.3
37.12,20.2
37.14,19.8
37.16,19.3
37.18,18.5
37.2,17.6
37.22,16.7
37.24,15.5
37.26,14.2
37.28,12.9
37.3,11.3
37.32,9.7
37.34,8.0
37.36,6.3
37.38,4.5
37.4,2.7
37.42,0.8
37.44,-1.1
37.46,-2.9
37.48,-4.7
37.5,-6.5
37.52,-8.2
37.54,-9.9
37.56,-11.4
37.58,-12.9
37.6,-14.3
37.62,-15.5
37.64,-16.6
37.66,-17.6
37.68,-18.4
37.7,-19.0
37.72,-19.5
37.74,-19.8
37.76,-20.0
37.78,-20.0
37.8,-19.8
37.82,-19.5
37.84,-19.0
37.86,-18.4
37.88,-17.6
37.9,-16.6
37.92,-15.5
37.94,-14.2
37.96,-12.9
37.98,-11.4
38.0,-9.9
38.02,-8.2
38.04,-6.6
38.06,-4.8
38.08,-3.0
38.1,-1.2
38.12,0.6
38.14,2.5
38.16,4.2
38.18,6.0
38.2,7.7
38.22,9.4
38.24,10.9
38.26,12.3
38.28,13.7
38.3,14.9
38.32,16.0
38.34,17.0
38.36,17.8
38.38,18.5
38.4,19.0
38.42,19.3
38.44,19.5
38.46,19.5
38.48,19.4
38.5,19.1
38.52,18.6
38.54,18.0
38.56,17.2
38.58,16.3
38.6,15.2
38.62,14.0
38.64,12.8
38.66,11.3
38.68,9.8
38.7,8.3
38.72,6.6
38.74,4.9
38.76,3.1
38.78,1.3
38.8,-0.5
38.82,-2.2
38.84,-4.0
38.86,-5.8
38.88,-7.4
38.9,-9.0
38.92,-10.5
38.94,-12.0
38.96,-13.3
38.98,-14.6
39.0,-15.7
39.02,-16.6
39.04,-17.5
39.06,-18.1
39.08,-18.6
39.1,-19.0
39.12,-19.2
39.14,-19.3
39.16,-19.1
39.18,-18.8
39.2,-18.4
39.22,-17.8
39.24,-17.0
39.26,-16.2
39.28,-15.1
39.3,-14.0
39.32,-12.8
39.34,-11.3
39.36,-9.9
39.38,-8.4
39.4,-6.8
39.42,-5.0
39.44,-3.3
39.46,-1.6
39.48,0.1
39.5,1.9
39.52,3.6
39.54,5.3
39.56,6.9
39.58,8.6
39.6,10.1
39.62,11.5
39.64,12.8
39.66,14.0
39.68,15.1
39.7,16.1
39.72,16.9
39.74,17.6
39.76,18.1
39.78,18.5
39.8,18.7
39.82,18.8
39.84,18.7
39.86,18.5
39.88,18.0
39.9,17.5
39.92,16.7
39.94,15.9
39.96,14.9
39.98,13.8
40.0,12.6
40.02,11.3
40.04,9.8
40.06,8.4
40.08,6.8
40.1,5.1
40.12,3.4
40.14,1.7
40.16,0.0
40.18,-1.7
40.2,-3.4
40.22,-5.0
40.24,-6.7
40.26,-8.3
40.28,-9.7
40.3,-11.2
40.32,-12.4
40.34,-13.7
40.36,-14.8
40.38,-15.7
40.4,-16.5
40.42,-17.2
40.44,-17.7
40.46,-18.1
40.48,-18.4
40.5,-18.5
40.52,-18.4
40.54,-18.2
40.56,-17.7
40.58,-17.2
40.6,-16.6
40.62,-15.8
40.64,-14.8
40.66,-13.8
40.68,-12.5
40.7,-11.3
40.72,-9.9
40.74,-8.4
40.76,-6.8
40.78,-5.3
40.8,-3.6
40.82,-2.0
40.84,-0.3
40.86,1.3
40.88,3.1
40.9,4.7
40.92,6.3
40.94,7.8
40.96,9.3
40.98,10.7
41.0,12.0
41.02,13.1
41.04,14.2
41.06,15.2
41.08,16.0
41.1,16.7
41.12,17.3
41.14,17.6
41.16,17.9
41.18,18.0
41.2,18.0
41.22,17.7
41.24,17.4
41.26,16.9
41.28,16.2
41.3,15.5
41.32,14.5
41.34,13.5
41.36,12.3
41.38,11.1
41.4,9.7
41.42,8.4
41.44,6.8
41.46,5.2
41.48,3.7
41.5,2.1
41.52,0.4
41.54,-1.3
41.56,-2.9
41.58,-4.5
41.6,-6.0
41.62,-7.6
41.64,-9.0
41.66,-10.4
41.68,-11.7
41.7,-12.9
41.72,-14.0
41.74,-14.9
41.76,-15.7
41.78,-16.4
41.8,-16.9
41.82,-17.3
41.84,-17.6
41.86,-17.6
41.88,-17.6
41.9,-17.5
41.92,-17.1
41.94,-16.7
41.96,-16.0
41.98,-15.3
42.0,-14.4
42.02,-13.4
42.04,-12.2
42.06,-11.1
42.08,-9.7
42.1,-8.4
42.12,-6.9
42.14,-5.4
42.16,-3.9
42.18,-2.2
42.2,-0.6
42.22,1.0
42.24,2.6
42.26,4.1
42.28,5.7
42.3,7.2
42.32,8.6
42.34,10.0
42.36,11.3
42.38,12.4
42.4,13.4
42.42,14.4
42.44,15.2
42.46,15.9
42.48,16.5
42.5,16.8
42.52,17.1
42.54,17.3
42.56,17.3
42.58,17.1
42.6,16.7
42.62,16.3
42.64,15.7
42.66,14.9
42.68,14.1
42.7,13.1
42.72,12.1
42.74,10.9
42.76,9.6
42.78,8.3
42.8,6.8
42.82,5.3
42.84,3.8
42.86,2.2
42.88,0.7
42.9,-0.9
42.92,-2.4
42.94,-4.1
42.96,-5.5
42.98,-7.0
43.0,-8.4
43.02,-9.7
43.04,-11.0
43.06,-12.2
43.08,-13.1
43.1,-14.0
43.12,-14.9
43.14,-15.6
43.16,-16.1
43.18,-16.6
43.2,-16.8
43.22,-16.9
43.24,-16.9
43.26,-16.8
43.28,-16.5
43.3,-16.1
43.32,-15.5
43.34,-14.8
43.36,-14.0
43.38,-13.1
43.4,-12.0
43.42,-10.8
43.44,-9.6
43.46,-8.3
43.48,-6.8
43.5,-5.4
43.52,-4.0
43.54,-2.4
43.56,-0.9
43.58,0.6
43.6,2.2
43.62,3.7
43.64,5.2
43.66,6.7
43.68,8.0
43.7,9.4
43.72,10.5
43.74,11.7
43.76,12.7
43.78,13.7
43.8,14.5
43.82,15.1
43.84,15.7
43.86,16.1
43.88,16.4
43.9,16.6
43.92,16.6
43.94,16.4
43.96,16.1
43.98,15.7
44.0,15.1
44.02,14.5
44.04,13.7
44.06,12.8
44.08,11.8
44.1,10.6
44.12,9.5
44.14,8.1
44.16,6.8
44.18,5.4
44.2,3.9
44.22,2.4
44.24,0.9
44.26,-0.6
44.28,-2.1
44.3,-3.6
44.32,-5.0
44.34,-6.5
44.36,-7.8
44.38,-9.1
44.4,-10.4
44.42,-11.4
44.44,-12.4
44.46,-13.3
44.48,-14.1
44.5,-14.9
44.52,-15.4
44.54,-15.8
44.56,-16.1
44.58,-16.2
44.6,-16.2
44.62,-16.1
44.64,-15.8
44.66,-15.5
44.68,-14.9
44.7,-14.3
44.72,-13.5
44.74,-12.6
44.76,-11.6
44.78,-10.5
44.8,-9.4
44.82,-8.1
44.84,-6.8
44.86,-5.4
44.88,-4.0
44.9,-2.5
44.92,-1.1
44.94,0.5
44.96,1.9
44.98,3.3
45.0,4.8
45.02,6.2
45.04,7.5
45.06,8.7
45.08,9.9
45.1,11.1
45.12,12.1
45.14,13.0
45.16,13.8
45.18,14.4
45.2,14.9
45.22,15.4
45.24,15.7
45.26,15.8
45.28,15.8
45.3,15.8
45.32,15.5
45.34,15.1
45.36,14.6
45.38,14.0
45.4,13.2
45.42,12.3
45.44,11.4
45.46,10.4
45.48,9.2
45.5,8.0
45.52,6.7
45.54,5.3
45.56,4.0
45.58,2.5
45.6,1.1
45.62,-0.4
45.64,-1.8
45.66,-3.2
45.68,-4.7
45.7,-6.0
45.72,-7.3
45.74,-8.6
45.76,-9.7
45.78,-10.8
45.8,-11.8
45.82,-12.7
45.84,-13.4
45.86,-14.1
45.88,-14.7
45.9,-15.0
45.92,-15.4
45.94,-15.5
45.96,-15.6
45.98,-15.5
46.0,-15.2
46.02,-14.9
46.04,-14.4
46.06,-13.8
46.08,-13.1
46.1,-12.2
46.12,-11.3
46.14,-10.3
46.16,-9.1
46.18,-7.9
46.2,-6.7
46.22,-5.4
46.24,-4.1
46.26,-2.6
46.28,-1.2
46.3,0.2
46.32,1.6
46.34,3.0
46.36,4.4
46.38,5.8
46.4,7.0
46.42,8.2
46.44,9.4
46.46,10.4
46.48,11.4
46.5,12.3
46.52,13.1
46.54,13.7
46.56,14.2
46.58,14.7
46.6,14.9
46.62,15.1
46.64,15.2
46.66,15.1
46.68,14.9
46.7,14.5
46.72,14.0
46.74,13.4
46.76,12.7
46.78,12.0
46.8,11.0
46.82,10.0
46.84,8.9
46.86,7.7
46.88,6.6
46.9,5.2
46.92,4.0
46.94,2.6
46.96,1.2
46.98,-0.2
47.0,-1.6
47.02,-3.0
47.04,-4.3
47.06,-5.6
47.08,-6.8
47.1,-8.0
47.12,-9.2
47.14,-10.2
47.16,-11.2
47.18,-12.1
47.2,-12.8
47.22,-13.4
47.24,-14.0
47.26,-14.4
47.28,-14.7
47.3,-14.9
47.32,-14.9
47.34,-14.8
47.36,-14.6
47.38,-14.2
47.4,-13.8
47.42,-13.2
47.44,-12.5
47.46,-11.8
47.48,-10.9
47.5,-9.9
47.52,-8.8
47.54,-7.7
47.56,-6.5
47.58,-5.3
47.6,-4.0
47.62,-2.6
47.64,-1.3
47.66,0.1
47.68,1.4
47.7,2.7
47.72,4.1
47.74,5.3
47.76,6.6
47.78,7.7
47.8,8.8
47.82,9.9
47.84,10.8
47.86,11.6
47.88,12.4
47.9,13.1
47.92,13.6
47.94,14.0
47.96,14.3
47.98,14.5
48.0,14.5
48.02,14.4
48.04,14.2
48.06,13.9
48.08,13.4
48.1,12.9
48.12,12.2
48.14,11.5
48.16,10.6
48.18,9.7
48.2,8.6
48.22,7.6
48.24,6.4
48.26,5.1
48.28,3.9
48.3,2.6
48.32,1.3
48.34,0.0
48.36,-1.3
48.38,-2.7
48.4,-4.0
48.42,-5.2
48.44,-6.4
48.46,-7.6
48.48,-8.6
48.5,-9.6
48.52,-10.6
48.54,-11.4
48.56,-12.2
48.58,-12.8
48.6,-13.3
48.62,-13.7
48.64,-14.0
48.66,-14.1
48.68,-14.2
48.7,-14.1
48.72,-14.0
48.74,-13.7
48.76,-13.2
48.78,-12.7
48.8,-12.1
48.82,-11.3
48.84,-10.4
48.86,-9.5
48.88,-8.6
48.9,-7.5
48.92,-6.3
48.94,-5.1
48.96,-3.9
48.98,-2.6
49.0,-1.3
49.02,-0.1
49.04,1.3
49.06,2.5
49.08,3.8
49.1,5.0
49.12,6.2
49.14,7.3
49.16,8.4
49.18,9.4
49.2,10.3
49.22,11.1
49.24,11.8
49.26,12.4
49.28,13.0
49.3,13.3
49.32,13.6
49.34,13.8
49.36,13.9
49.38,13.8
49.4,13.6
49.42,13.3
49.44,12.9
49.46,12.3
49.48,11.7
49.5,11.0
49.52,10.2
49.54,9.3
49.56,8.4
49.58,7.3
49.6,6.2
49.62,5.0
49.64,3.8
49.66,2.6
49.68,1.3
49.7,0.1
49.72,-1.3
49.74,-2.4
49.76,-3.7
49.78,-4.9
49.8,-6.0
49.82,-7.1
49.84,-8.2
49.86,-9.2
49.88,-10.0
49.9,-10.8
49.92,-11.5
49.94,-12.2
49.96,-12.7
49.98,-13.1
50.0,-13.3
50.02,-13.5
50.04,-13.6
50.06,-13.5
50.08,-13.3
50.1,-13.1
50.12,-12.7
50.14,-12.2
50.16,-11.5
50.18,-10.8
50.2,-10.1
50.22,-9.2
50.24,-8.2
50.26,-7.2
50.28,-6.1
50.3,-5.0
50.32,-3.8
50.34,-2.6
50.36,-1.3
50.38,-0.2
50.4,1.1
50.42,2.3
50.44,3.5
50.46,4.7
50.48,5.9
50.5,6.9
50.52,7.9
50.54,8.8
50.56,9.7
50.58,10.5
50.6,11.3
50.62,11.8
50.64,12.3
50.66,12.7
50.68,13.0
50.7,13.1
50.72,13.2
50.74,13.1
50.76,13.0
50.78,12.7
50.8,12.3
50.82,11.8
50.84,11.3
50.86,10.5
50.88,9.8
50.9,8.9
50.92,8.0
50.94,7.0
50.96,5.9
50.98,4.9
51.0,3.7
51.02,2.5
51.04,1.3
51.06,0.1
51.08,-1.1
51.1,-2.3
51.12,-3.5
51.14,-4.6
51.16,-5.7
51.18,-6.8
51.2,-7.7
51.22,-8.6
51.24,-9.5
51.26,-10.3
51.28,-11.0
51.3,-11.5
51.32,-12.1
51.34,-12.4
51.36,-12.7
51.38,-12.9
51.4,-13.0
51.42,-12.9
51.44,-12.7
51.46,-12.4
51.48,-12.1
51.5,-11.6
51.52,-11.1
51.54,-10.4
51.56,-9.6
51.58,-8.7
51.6,-7.8
51.62,-6.9
51.64,-5.9
51.66,-4.8
51.68,-3.7
51.7,-2.5
51.72,-1.3
51.74,-0.2
51.76,1.0
51.78,2.2
51.8,3.3
51.82,4.4
51.84,5.5
51.86,6.6
51.88,7.5
51.9,8.4
51.92,9.3
51.94,10.0
51.96,10.6
51.98,11.3
52.0,11.7
52.02,12.1
52.04,12.3
52.06,12.5
52.08,12.6
52.1,12.5
52.12,12.3
52.14,12.1
52.16,11.7
52.18,11.3
52.2,10.7
52.22,10.1
52.24,9.4
52.26,8.6
52.28,7.7
52.3,6.7
52.32,5.7
52.34,4.7
52.36,3.5
52.38,2.4
52.4,1.3
52.42,0.1
52.44,-1.0
52.46,-2.2
52.48,-3.2
52.5,-4.3
52.52,-5.4
52.54,-6.4
52.56,-7.4
52.58,-8.3
52.6,-9.1
52.62,-9.8
52.64,-10.4
52.66,-11.0
52.68,-11.4
52.7,-11.8
52.72,-12.1
52.74,-12.2
52.76,-12.3
52.78,-12.2
52.8,-12.2
52.82,-11.9
52.84,-11.5
52.86,-11.1
52.88,-10.5
52.9,-9.9
52.92,-9.2
52.94,-8.4
52.96,-7.5
52.98,-6.6
53.0,-5.6
53.02,-4.6
53.04,-3.5
53.06,-2.4
53.08,-1.3
53.1,-0.2
53.12,0.9
53.14,2.1
53.16,3.2
53.18,4.2
53.2,5.2
53.22,6.2
53.24,7.1
53.26,8.0
53.28,8.7
53.3,9.5
53.32,10.2
53.34,10.7
53.36,11.2
53.38,11.5
53.4,11.7
53.42,11.9
53.44,12.0
53.46,11.9
53.48,11.8
53.5,11.5
53.52,11.2
53.54,10.7
53.56,10.2
53.58,9.5
53.6,8.9
53.62,8.1
53.64,7.3
53.66,6.4
53.68,5.4
53.7,4.4
53.72,3.3
53.74,2.3
53.76,1.3
53.78,0.1
53.8,-1.0
53.82,-2.1
53.84,-3.2
53.86,-4.1
53.88,-5.1
53.9,-6.1
53.92,-7.0
53.94,-7.8
53.96,-8.6
53.98,-9.3
54.0,-9.9
54.02,-10.4
54.04,-10.9
54.06,-11.3
54.08,-11.5
54.1,-11.6
54.12,-11.7
54.14,-11.7
54.16,-11.5
54.18,-11.3
54.2,-11.0
54.22,-10.5
54.24,-10.0
54.26,-9.4
54.28,-8.7
54.3,-7.9
54.32,-7.1
54.34,-6.3
54.36,-5.3
54.38,-4.3
54.4,-3.3
54.42,-2.3
54.44,-1.3
54.46,-0.2
54.48,0.9
54.5,1.9
54.52,3.0
54.54,4.0
54.56,5.0
54.58,5.9
54.6,6.8
54.62,7.6
54.64,8.4
54.66,9.0
54.68,9.6
54.7,10.2
54.72,10.5
54.74,10.9
54.76,11.2
54.78,11.3
54.8,11.3
54.82,11.3
54.84,11.2
54.86,10.9
54.88,10.6
54.9,10.2
54.92,9.7
54.94,9.1
54.96,8.5
54.98,7.7
55.0,6.9
55.02,6.0
55.04,5.1
55.06,4.1
55.08,3.2
55.1,2.2
55.12,1.2
55.14,0.1
55.16,-0.9
55.18,-2.0
55.2,-3.0
55.22,-4.0
55.24,-4.9
55.26,-5.8
55.28,-6.7
55.3,-7.5
55.32,-8.2
55.34,-8.8
55.36,-9.5
55.38,-9.9
55.4,-10.4
55.42,-10.7
55.44,-10.9
55.46,-11.1
55.48,-11.1
55.5,-11.1
55.52,-10.9
55.54,-10.7
55.56,-10.4
55.58,-10.0
55.6,-9.5
55.62,-8.9
55.64,-8.3
55.66,-7.6
55.68,-6.8
55.7,-5.9
55.72,-5.0
55.74,-4.1
55.76,-3.2
55.78,-2.2
55.8,-1.2
55.82,-0.2
55.84,0.8
55.86,1.9
55.88,2.9
55.9,3.8
55.92,4.8
55.94,5.6
55.96,6.5
55.98,7.2
56.0,7.9
56.02,8.6
56.04,9.1
56.06,9.6
56.08,10.1
56.1,10.4
56.12,10.5
56.14,10.7
56.16,10.8
56.18,10.7
56.2,10.6
56.22,10.4
56.24,10.1
56.26,9.6
56.28,9.2
56.3,8.6
56.32,8.0
56.34,7.3
56.36,6.5
56.38,5.7
56.4,4.9
56.42,4.0
56.44,3.0
56.46,2.1
56.48,1.1
56.5,0.1
56.52,-0.9
56.54,-1.9
56.56,-2.9
56.58,-3.8
56.6,-4.7
56.62,-5.6
56.64,-6.4
56.66,-7.1
56.68,-7.8
56.7,-8.4
56.72,-9.0
56.74,-9.5
56.76,-9.8
56.78,-10.2
56.8,-10.4
56.82,-10.4
56.84,-10.5
56.86,-10.5
56.88,-10.4
56.9,-10.2
56.92,-9.8
56.94,-9.5
56.96,-9.0
56.98,-8.5
57.0,-7.8
57.02,-7.1
57.04,-6.4
57.06,-5.6
57.08,-4.8
57.1,-3.9
57.12,-3.0
57.14,-2.1
57.16,-1.1
57.18,-0.1
57.2,0.8
57.22,1.8
57.24,2.7
57.26,3.7
57.28,4.5
57.3,5.3
57.32,6.1
57.34,6.8
57.36,7.6
57.38,8.2
57.4,8.7
57.42,9.1
57.44,9.5
57.46,9.8
57.48,10.0
57.5,10.2
57.52,10.2
57.54,10.2
57.56,10.0
57.58,9.8
57.6,9.5
57.62,9.1
57.64,8.6
57.66,8.1
57.68,7.6
57.7,6.8
57.72,6.1
57.74,5.4
57.76,4.5
57.78,3.7
57.8,2.8
57.82,1.9
57.84,1.0
57.86,0.0
57.88,-0.9
57.9,-1.8
57.92,-2.7
57.94,-3.6
57.96,-4.5
57.98,-5.3
58.0,-6.0
58.02,-6.8
58.04,-7.4
58.06,-8.0
58.08,-8.6
58.1,-8.9
58.12,-9.3
58.14,-9.6
58.16,-9.8
58.18,-9.9
58.2,-10.0
58.22,-9.9
58.24,-9.8
58.26,-9.6
58.28,-9.3
58.3,-8.9
58.32,-8.5
58.34,-7.9
58.36,-7.4
58.38,-6.8
58.4,-6.0
58.42,-5.2
58.44,-4.4
58.46,-3.6
58.48,-2.8
58.5,-1.9
58.52,-1.0
58.54,-0.1
58.56,0.8
58.58,1.7
58.6,2.6
58.62,3.5
58.64,4.3
58.66,5.1
58.68,5.9
58.7,6.6
58.72,7.2
58.74,7.7
58.76,8.3
58.78,8.6
58.8,9.0
58.82,9.3
58.84,9.5
58.86,9.6
58.88,9.6
58.9,9.6
58.92,9.5
58.94,9.3
58.96,9.0
58.98,8.6
59.0,8.2
59.02,7.7
59.04,7.1
59.06,6.5
59.08,5.8
59.1,5.0
59.12,4.2
59.14,3.4
59.16,2.6
59.18,1.7
59.2,0.8
59.22,0.0
59.24,-0.9
59.26,-1.8
59.28,-2.6
59.3,-3.5
59.32,-4.2
59.34,-5.0
59.36,-5.8
59.38,-6.4
59.4,-7.0
59.42,-7.6
59.44,-8.1
59.46,-8.5
59.48,-8.8
59.5,-9.1
59.52,-9.3
59.54,-9.4
59.56,-9.5
59.58,-9.4
59.6,-9.3
59.62,-9.0
59.64,-8.7
59.66,-8.4
59.68,-7.9
59.7,-7.5
59.72,-6.9
59.74,-6.3
59.76,-5.7
59.78,-5.0
59.8,-4.1
59.82,-3.3
59.84,-2.5
59.86,-1.7
59.88,-0.8
59.9,0.0
59.92,0.8
59.94,1.7
59.96,2.5
59.98,3.3
60.0,4.1
60.02,4.9
60.04,5.6
60.06,6.2
60.08,6.8
60.1,7.3
60.12,7.8
60.14,8.2
60.16,8.6
60.18,8.8
60.2,9.0
60.22,9.1
60.24,9.1
60.26,9.1
60.28,8.9
60.3,8.7
60.32,8.5
60.34,8.1
60.36,7.7
60.38,7.2
60.4,6.7
60.42,6.0
60.44,5.4
60.46,4.7
60.48,4.0
60.5,3.2
60.52,2.3
60.54,1.5
60.56,0.7
60.58,-0.1
60.6,-0.9
60.62,-1.7
60.64,-2.5
60.66,-3.3
60.68,-4.1
60.7,-4.8
60.72,-5.5
60.74,-6.1
60.76,-6.7
60.78,-7.2
60.8,-7.7
60.82,-8.0
60.84,-8.4
60.86,-8.6
60.88,-8.7
60.9,-8.8
60.92,-8.9
60.94,-8.8
60.96,-8.7
60.98,-8.6
61.0,-8.2
61.02,-7.8
61.04,-7.5
61.06,-7.0
61.08,-6.5
61.1,-5.9
61.12,-5.2
61.14,-4.6
61.16,-3.9
61.18,-3.2
61.2,-2.3
61.22,-1.5
61.24,-0.7
61.26,0.1
61.28,0.9
61.3,1.7
61.32,2.4
61.34,3.2
61.36,4.0
61.38,4.6
61.4,5.3
61.42,5.9
61.44,6.5
61.46,6.9
61.48,7.4
61.5,7.7
61.52,8.0
61.54,8.3
61.56,8.5
61.58,8.6
61.6,8.6
61.62,8.6
61.64,8.4
61.66,8.2
61.68,7.9
61.7,7.6
61.72,7.2
61.74,6.7
61.76,6.2
61.78,5.6
61.8,5.0
61.82,4.3
61.84,3.7
61.86,3.0
61.88,2.2
61.9,1.4
61.92,0.6
61.94,-0.2
61.96,-0.9
61.98,-1.7
62.0,-2.4
62.02,-3.2
62.04,-3.9
62.06,-4.6
62.08,-5.2
62.1,-5.8
62.12,-6.3
62.14,-6.8
62.16,-7.2
62.18,-7.6
62.2,-7.8
62.22,-8.1
62.24,-8.3
62.26,-8.3
62.28,-8.4
62.3,-8.3
62.32,-8.2
62.34,-7.9
62.36,-7.7
62.38,-7.4
62.4,-7.0
62.42,-6.6
62.44,-6.0
62.46,-5.5
62.48,-4.9
62.5,-4.2
62.52,-3.5
62.54,-2.9
62.56,-2.2
62.58,-1.3
62.6,-0.6
62.62,0.1
62.64,0.9
62.66,1.6
62.68,2.3
62.7,3.1
62.72,3.8
62.74,4.4
62.76,5.0
62.78,5.6
62.8,6.1
62.82,6.6
62.84,6.9
62.86,7.3
62.88,7.6
62.9,7.8
62.92,7.9
62.94,8.0
62.96,8.0
62.98,8.0
63.0,7.8
63.02,7.7
63.04,7.4
63.06,7.1
63.08,6.7
63.1,6.2
63.12,5.8
63.14,5.2
63.16,4.7
63.18,4.1
63.2,3.3
63.22,2.7
63.24,2.0
63.26,1.3
63.28,0.5
63.3,-0.2
63.32,-1.0
63.34,-1.7
63.36,-2.3
63.38,-3.1
63.4,-3.7
63.42,-4.3
63.44,-5.0
63.46,-5.5
63.48,-5.9
63.5,-6.4
63.52,-6.8
63.54,-7.1
63.56,-7.4
63.58,-7.6
63.6,-7.7
63.62,-7.8
63.64,-7.8
63.66,-7.7
63.68,-7.7
63.7,-7.5
63.72,-7.2
63.74,-6.8
63.76,-6.5
63.78,-6.0
63.8,-5.6
63.82,-5.0
63.84,-4.5
63.86,-3.9
63.88,-3.2
63.9,-2.6
63.92,-1.9
63.94,-1.3
63.96,-0.5
63.98,0.2
64.0,0.9
64.02,1.6
64.04,2.2
64.06,3.0
64.08,3.6
64.1,4.2
64.12,4.8
64.14,5.3
64.16,5.8
64.18,6.2
64.2,6.6
64.22,6.8
64.24,7.1
64.26,7.3
64.28,7.5
64.3,7.6
64.32,7.6
64.34,7.5
64.36,7.3
64.38,7.1
64.4,6.9
64.42,6.6
64.44,6.2
64.46,5.9
64.48,5.3
64.5,4.9
64.52,4.3
64.54,3.7
64.56,3.1
64.58,2.4
64.6,1.8
64.62,1.1
64.64,0.5
64.66,-0.3
64.68,-1.0
64.7,-1.6
64.72,-2.3
64.74,-3.0
64.76,-3.5
64.78,-4.1
64.8,-4.7
64.82,-5.2
64.84,-5.7
64.86,-6.0
64.88,-6.4
64.9,-6.8
64.92,-6.9
64.94,-7.1
64.96,-7.3
64.98,-7.3
65.0,-7.3
65.02,-7.3
65.04,-7.1
65.06,-6.9
65.08,-6.7
65.1,-6.4
65.12,-6.0
65.14,-5.7
65.16,-5.2
65.18,-4.7
65.2,-4.1
65.22,-3.6
65.24,-3.0
65.26,-2.3
65.28,-1.7
65.3,-1.1
65.32,-0.4
65.34,0.3
65.36,0.9
65.38,1.5
65.4,2.2
65.42,2.8
65.44,3.4
65.46,4.0
65.48,4.5
65.5,5.0
65.52,5.4
65.54,5.9
65.56,6.2
65.58,6.5
65.6,6.7
65.62,6.8
65.64,6.9
65.66,7.0
65.68,7.0
65.7,6.9
65.72,6.8
65.74,6.7
65.76,6.4
65.78,6.1
65.8,5.8
65.82,5.4
65.84,5.0
65.86,4.4
65.88,4.0
65.9,3.3
65.92,2.8
65.94,2.2
65.96,1.5
65.98,0.9
66.0,0.3
66.02,-0.4
66.04,-1.0
66.06,-1.6
66.08,-2.2
66.1,-2.8
66.12,-3.4
66.14,-4.0
66.16,-4.4
66.18,-4.9
66.2,-5.3
66.22,-5.7
66.24,-6.0
66.26,-6.3
66.28,-6.5
66.3,-6.7
66.32,-6.8
66.34,-6.8
66.36,-6.8
66.38,-6.8
66.4,-6.7
66.42,-6.4
66.44,-6.2
66.46,-5.9
66.48,-5.6
66.5,-5.2
66.52,-4.8
66.54,-4.3
66.56,-3.8
66.58,-3.2
66.6,-2.7
66.62,-2.1
66.64,-1.5
66.66,-0.9
66.68,-0.3
66.7,0.4
66.72,0.9
66.74,1.5
66.76,2.2
66.78,2.7
66.8,3.2
66.82,3.8
66.84,4.2
66.86,4.7
66.88,5.1
66.9,5.5
66.92,5.8
66.94,6.0
66.96,6.2
66.98,6.4
67.0,6.5
67.02,6.6
67.04,6.6
67.06,6.5
67.08,6.3
67.1,6.1
67.12,5.9
67.14,5.7
67.16,5.3
67.18,5.0
67.2,4.5
67.22,4.1
67.24,3.6
67.26,3.1
67.28,2.5
67.3,2.0
67.32,1.3
67.34,0.8
67.36,0.2
67.38,-0.4
67.4,-1.0
67.42,-1.6
67.44,-2.2
67.46,-2.7
67.48,-3.2
67.5,-3.7
67.52,-4.1
67.54,-4.6
67.56,-5.0
67.58,-5.3
67.6,-5.7
67.62,-5.9
67.64,-6.0
67.66,-6.2
67.68,-6.3
67.7,-6.3
67.72,-6.3
67.74,-6.2
67.76,-6.1
67.78,-5.9
67.8,-5.7
67.82,-5.4
67.84,-5.1
67.86,-4.8
67.88,-4.3
67.9,-3.9
67.92,-3.4
67.94,-3.0
67.96,-2.4
67.98,-1.9
68.0,-1.3
68.02,-0.7
68.04,-0.2
68.06,0.4
68.08,1.0
68.1,1.5
68.12,2.1
68.14,2.6
68.16,3.1
68.18,3.6
68.2,4.1
68.22,4.4
68.24,4.8
68.26,5.1
68.28,5.4
68.3,5.6
68.32,5.9
68.34,5.9
68.36,6.0
68.38,6.0
68.4,6.0
68.42,5.9
68.44,5.9
68.46,5.7
68.48,5.4
68.5,5.1
68.52,4.9
68.54,4.5
68.56,4.1
68.58,3.7
68.6,3.2
68.62,2.7
68.64,2.2
68.66,1.7
68.68,1.2
68.7,0.6
68.72,0.1
68.74,-0.5
68.76,-1.0
68.78,-1.5
68.8,-2.1
68.82,-2.6
68.84,-3.1
68.86,-3.5
68.88,-4.0
68.9,-4.3
68.92,-4.7
68.94,-5.0
68.96,-5.2
68.98,-5.5
69.0,-5.7
69.02,-5.8
69.04,-5.9
69.06,-5.9
69.08,-5.9
69.1,-5.8
69.12,-5.7
69.14,-5.5
69.16,-5.2
69.18,-5.0
69.2,-4.7
69.22,-4.3
69.24,-4.0
69.26,-3.5
69.28,-3.2
69.3,-2.6
69.32,-2.2
69.34,-1.6
69.36,-1.2
69.38,-0.6
69.4,-0.1
69.42,0.5
69.44,1.0
69.46,1.5
69.48,2.0
69.5,2.4
69.52,3.0
69.54,3.3
69.56,3.8
69.58,4.1
69.6,4.4
69.62,4.8
69.64,5.0
69.66,5.2
69.68,5.4
69.7,5.5
69.72,5.6
69.74,5.6
69.76,5.6
69.78,5.5
69.8,5.3
69.82,5.1
69.84,5.0
69.86,4.7
69.88,4.4
69.9,4.1
69.92,3.7
69.94,3.3
69.96,2.9
69.98,2.4
70.0,2.0
70.02,1.5
70.04,1.0
70.06,0.5
70.08,0.0
70.1,-0.5
70.12,-1.0
70.14,-1.5
70.16,-2.0
70.18,-2.4
70.2,-2.9
70.22,-3.3
70.24,-3.7
70.26,-4.1
70.28,-4.3
70.3,-4.6
70.32,-4.9
70.34,-5.0
70.36,-5.2
70.38,-5.3
70.4,-5.4
70.42,-5.4
70.44,-5.3
70.46,-5.3
70.48,-5.1
70.5,-5.0
70.52,-4.8
70.54,-4.5
70.56,-4.2
70.58,-3.9
70.6,-3.6
70.62,-3.2
70.64,-2.8
70.66,-2.3
70.68,-1.9
70.7,-1.4
70.72,-1.0
70.74,-0.5
70.76,0.0
70.78,0.5
70.8,1.0
70.82,1.4
70.84,1.9
70.86,2.3
70.88,2.8
70.9,3.2
70.92,3.5
70.94,3.9
70.96,4.1
70.98,4.4
71.0,4.6
71.02,4.8
71.04,5.0
71.06,5.0
71.08,5.1
71.1,5.1
71.12,5.0
71.14,5.0
71.16,4.9
71.18,4.7
71.2,4.5
71.22,4.2
71.24,4.0
71.26,3.7
71.28,3.3
71.3,3.0
71.32,2.5
71.34,2.2
71.36,1.7
71.38,1.3
71.4,0.8
71.42,0.4
71.44,-0.1
71.46,-0.6
71.48,-1.0
71.5,-1.4
71.52,-1.9
71.54,-2.3
71.56,-2.7
71.58,-3.1
71.6,-3.4
71.62,-3.8
71.64,-4.1
71.66,-4.2
71.68,-4.5
71.7,-4.7
71.72,-4.8
71.74,-4.9
71.76,-5.0
71.78,-5.0
71.8,-4.9
71.82,-4.8
71.84,-4.7
71.86,-4.5
71.88,-4.3
71.9,-4.1
71.92,-3.8
71.94,-3.5
71.96,-3.2
71.98,-2.8
72.0,-2.4
72.02,-2.1
72.04,-1.6
72.06,-1.2
72.08,-0.8
72.1,-0.4
72.12,0.1
72.14,0.5
72.16,1.0
72.18,1.4
72.2,1.8
72.22,2.2
72.24,2.6
72.26,3.0
72.28,3.2
72.3,3.6
72.32,3.9
72.34,4.1
72.36,4.2
72.38,4.4
72.4,4.5
72.42,4.6
72.44,4.7
72.46,4.7
72.48,4.6
72.5,4.5
72.52,4.4
72.54,4.2
72.56,4.1
72.58,3.8
72.6,3.6
72.62,3.2
72.64,3.0
72.66,2.6
72.68,2.2
72.7,1.9
72.72,1.4
72.74,1.1
72.76,0.6
72.78,0.2
72.8,-0.2
72.82,-0.6
72.84,-1.0
72.86,-1.4
72.88,-1.8
72.9,-2.2
72.92,-2.5
72.94,-2.9
72.96,-3.2
72.98,-3.5
73.0,-3.7
73.02,-4.0
73.04,-4.1
73.06,-4.2
73.08,-4.3
73.1,-4.4
73.12,-4.5
73.14,-4.5
73.16,-4.4
73.18,-4.3
73.2,-4.2
73.22,-4.1
73.24,-3.9
73.26,-3.7
73.28,-3.4
73.3,-3.2
73.32,-2.8
73.34,-2.5
73.36,-2.2
73.38,-1.8
73.4,-1.3
73.42,-1.0
73.44,-0.6
73.46,-0.2
73.48,0.2
73.5,0.6
73.52,1.0
73.54,1.3
73.56,1.7
73.58,2.1
73.6,2.4
73.62,2.7
73.64,3.0
73.66,3.3
73.68,3.5
73.7,3.7
73.72,3.9
73.74,4.1
73.76,4.1
73.78,4.1
73.8,4.2
73.82,4.2
73.84,4.1
73.86,4.1
73.88,4.0
73.9,3.8
73.92,3.6
73.94,3.4
73.96,3.2
73.98,2.9
74.0,2.6
74.02,2.2
74.04,2.0
74.06,1.6
74.08,1.3
74.1,0.9
74.12,0.5
74.14,0.1
74.16,-0.3
74.18,-0.6
74.2,-1.0
74.22,-1.3
74.24,-1.7
74.26,-2.1
74.28,-2.3
74.3,-2.7
74.32,-3.0
74.34,-3.2
74.36,-3.4
74.38,-3.6
74.4,-3.8
74.42,-3.9
74.44,-4.0
74.46,-4.0
74.48,-4.1
74.5,-4.1
74.52,-4.0
74.54,-3.9
74.56,-3.8
74.58,-3.6
74.6,-3.4
74.62,-3.2
74.64,-3.0
74.66,-2.8
74.68,-2.4
74.7,-2.2
74.72,-1.9
74.74,-1.5
74.76,-1.2
74.78,-0.8
74.8,-0.5
74.82,-0.1
74.84,0.3
74.86,0.6
74.88,1.0
74.9,1.3
74.92,1.6
74.94,1.9
74.96,2.2
74.98,2.5
75.0,2.8
75.02,3.0
75.04,3.2
75.06,3.3
75.08,3.5
75.1,3.6
75.12,3.7
75.14,3.7
75.16,3.8
75.18,3.8
75.2,3.7
75.22,3.6
75.24,3.5
75.26,3.3
75.28,3.2
75.3,3.0
75.32,2.8
75.34,2.5
75.36,2.2
75.38,2.0
75.4,1.6
75.42,1.3
75.44,1.0
75.46,0.7
75.48,0.4
75.5,0.0
75.52,-0.4
75.54,-0.6
75.56,-1.0
75.58,-1.3
75.6,-1.6
75.62,-1.9
75.64,-2.2
75.66,-2.4
75.68,-2.7
75.7,-2.9
75.72,-3.1
75.74,-3.2
75.76,-3.3
75.78,-3.5
75.8,-3.5
75.82,-3.6
75.84,-3.6
75.86,-3.6
75.88,-3.5
75.9,-3.4
75.92,-3.3
75.94,-3.2
75.96,-3.1
75.98,-2.8
76.0,-2.6
76.02,-2.4
76.04,-2.2
76.06,-1.9
76.08,-1.6
76.1,-1.3
76.12,-1.0
76.14,-0.6
76.16,-0.4
76.18,0.0
76.2,0.3
76.22,0.6
76.24,0.9
76.26,1.3
76.28,1.5
76.3,1.8
76.32,2.1
76.34,2.2
76.36,2.5
76.38,2.7
76.4,2.9
76.42,3.0
76.44,3.2
76.46,3.2
76.48,3.3
76.5,3.3
76.52,3.3
76.54,3.3
76.56,3.2
76.58,3.2
76.6,3.1
76.62,3.0
76.64,2.8
76.66,2.6
76.68,2.3
76.7,2.2
76.72,1.9
76.74,1.6
76.76,1.4
76.78,1.1
76.8,0.8
76.82,0.5
76.84,0.2
76.86,-0.1
76.88,-0.4
76.9,-0.6
76.92,-1.0
76.94,-1.3
76.96,-1.5
76.98,-1.7
77.0,-2.0
77.02,-2.2
77.04,-2.4
77.06,-2.6
77.08,-2.8
77.1,-2.9
77.12,-3.0
77.14,-3.1
77.16,-3.2
77.18,-3.2
77.2,-3.2
77.22,-3.2
77.24,-3.1
77.26,-3.0
77.28,-2.9
77.3,-2.8
77.32,-2.6
77.34,-2.4
77.36,-2.2
77.38,-2.1
77.4,-1.8
77.42,-1.5
77.44,-1.3
77.46,-1.1
77.48,-0.8
77.5,-0.5
77.52,-0.3
77.54,0.1
77.56,0.4
77.58,0.6
77.6,0.9
77.62,1.2
77.64,1.4
77.66,1.6
77.68,1.9
77.7,2.1
77.72,2.2
77.74,2.4
77.76,2.5
77.78,2.7
77.8,2.8
77.82,2.9
77.84,2.9
77.86,2.9
77.88,2.9
77.9,2.9
77.92,2.8
77.94,2.7
77.96,2.6
77.98,2.5
78.0,2.3
78.02,2.2
78.04,2.0
78.06,1.8
78.08,1.6
78.1,1.3
78.12,1.2
78.14,0.9
78.16,0.6
78.18,0.4
78.2,0.1
78.22,-0.2
78.24,-0.4
78.26,-0.6
78.28,-0.9
78.3,-1.2
78.32,-1.3
78.34,-1.6
78.36,-1.8
78.38,-2.0
78.4,-2.2
78.42,-2.3
78.44,-2.4
78.46,-2.5
78.48,-2.6
78.5,-2.7
78.52,-2.7
78.54,-2.8
78.56,-2.8
78.58,-2.7
78.6,-2.6
78.62,-2.6
78.64,-2.4
78.66,-2.3
78.68,-2.2
78.7,-2.1
78.72,-1.9
78.74,-1.7
78.76,-1.5
78.78,-1.3
78.8,-1.1
78.82,-0.8
78.84,-0.6
78.86,-0.4
78.88,-0.1
78.9,0.1
78.92,0.4
78.94,0.6
78.96,0.8
78.98,1.1
79.0,1.3
79.02,1.4
79.04,1.6
79.06,1.8
79.08,2.0
79.1,2.1
79.12,2.2
79.14,2.3
79.16,2.4
79.18,2.4
79.2,2.4
79.22,2.5
79.24,2.5
79.26,2.4
79.28,2.3
79.3,2.3
79.32,2.2
79.34,2.1
79.36,2.0
79.38,1.8
79.4,1.6
79.42,1.5
79.44,1.3
79.46,1.1
79.48,0.9
79.5,0.7
79.52,0.5
79.54,0.3
79.56,0.0
79.58,-0.2
79.6,-0.5
79.62,-0.6
79.64,-0.9
79.66,-1.1
79.68,-1.3
79.7,-1.4
79.72,-1.6
79.74,-1.7
79.76,-1.9
79.78,-2.0
79.8,-2.1
79.82,-2.2
79.84,-2.2
79.86,-2.3
79.88,-2.3
79.9,-2.3
79.92,-2.3
79.94,-2.2
79.96,-2.2
79.98,-2.2
80.0,-2.1
80.02,-2.0
80.04,-1.8
80.06,-1.7
80.08,-1.5
80.1,-1.3
80.12,-1.2
80.14,-1.0
80.16,-0.8
80.18,-0.6
80.2,-0.5
80.22,-0.3
80.24,0.0
80.26,0.2
80.28,0.4
80.3,0.5
80.32,0.8
80.34,1.0
80.36,1.2
80.38,1.3
80.4,1.4
80.42,1.5
80.44,1.7
80.46,1.8
80.48,1.9
80.5,2.0
80.52,2.0
80.54,2.1
80.56,2.1
80.58,2.1
80.6,2.1
80.62,2.0
80.64,2.0
80.66,1.9
80.68,1.8
80.7,1.7
80.72,1.6
80.74,1.4
80.76,1.3
80.78,1.2
80.8,1.0
80.82,0.8
80.84,0.6
80.86,0.5
80.88,0.3
80.9,0.1
80.92,-0.1
80.94,-0.3
80.96,-0.5
80.98,-0.6
81.0,-0.8
81.02,-1.0
81.04,-1.1
81.06,-1.3
81.08,-1.3
81.1,-1.5
81.12,-1.6
81.14,-1.7
81.16,-1.8
81.18,-1.8
81.2,-1.9
81.22,-1.9
81.24,-1.9
81.26,-1.9
81.28,-1.9
81.3,-1.9
81.32,-1.8
81.34,-1.7
81.36,-1.7
81.38,-1.5
81.4,-1.4
81.42,-1.3
81.44,-1.2
81.46,-1.1
81.48,-0.9
81.5,-0.7
81.52,-0.6
81.54,-0.5
81.56,-0.3
81.58,-0.1
81.6,0.1
81.62,0.3
81.64,0.4
81.66,0.5
81.68,0.7
81.7,0.8
81.72,1.0
81.74,1.1
81.76,1.2
81.78,1.3
81.8,1.4
81.82,1.5
81.84,1.5
81.86,1.6
81.88,1.6
81.9,1.6
81.92,1.7
81.94,1.6
81.96,1.6
81.98,1.6
82.0,1.5
82.02,1.5
82.04,1.4
82.06,1.3
82.08,1.2
82.1,1.1
82.12,1.0
82.14,0.8
82.16,0.7
82.18,0.5
82.2,0.5
82.22,0.3
82.24,0.1
82.26,0.0
82.28,-0.2
82.3,-0.3
82.32,-0.5
82.34,-0.6
82.36,-0.7
82.38,-0.8
82.4,-1.0
82.42,-1.1
82.44,-1.2
82.46,-1.3
82.48,-1.3
82.5,-1.3
82.52,-1.4
82.54,-1.4
82.56,-1.5
82.58,-1.5
82.6,-1.5
82.62,-1.5
82.64,-1.4
82.66,-1.4
82.68,-1.3
82.7,-1.3
82.72,-1.3
82.74,-1.2
82.76,-1.1
82.78,-1.0
82.8,-0.9
82.82,-0.7
82.84,-0.6
82.86,-0.5
82.88,-0.4
82.9,-0.3
82.92,-0.1
82.94,0.0
82.96,0.2
82.98,0.3
83.0,0.5
83.02,0.5
83.04,0.6
83.06,0.7
83.08,0.8
83.1,0.9
83.12,1.0
83.14,1.1
83.16,1.2
83.18,1.2
83.2,1.3
83.22,1.3
83.24,1.3
83.26,1.3
83.28,1.3
83.3,1.3
83.32,1.3
83.34,1.2
83.36,1.2
83.38,1.1
83.4,1.0
83.42,0.9
83.44,0.8
83.46,0.7
83.48,0.6
83.5,0.5
83.52,0.5
83.54,0.4
83.56,0.2
83.58,0.1
83.6,0.0
83.62,-0.2
83.64,-0.3
83.66,-0.4
83.68,-0.5
83.7,-0.5
83.72,-0.6
83.74,-0.7
83.76,-0.8
83.78,-0.9
83.8,-1.0
83.82,-1.0
83.84,-1.1
83.86,-1.1
83.88,-1.1
83.9,-1.2
83.92,-1.2
83.94,-1.2
83.96,-1.2
83.98,-1.1
84.0,-1.1
84.02,-1.0
84.04,-1.0
84.06,-0.9
84.08,-0.8
84.1,-0.8
84.12,-0.7
84.14,-0.6
84.16,-0.5
84.18,-0.5
84.2,-0.4
84.22,-0.3
84.24,-0.2
84.26,0.0
84.28,0.1
84.3,0.2
84.32,0.3
84.34,0.4
84.36,0.5
84.38,0.5
84.4,0.5
84.42,0.6
84.44,0.7
84.46,0.8
84.48,0.8
84.5,0.8
84.52,0.9
84.54,0.9
84.56,0.9
84.58,0.9
84.6,0.9
84.62,0.9
84.64,0.9
84.66,0.8
84.68,0.8
84.7,0.8
84.72,0.7
84.74,0.6
84.76,0.5
84.78,0.5
84.8,0.5
84.82,0.4
84.84,0.3
84.86,0.2
84.88,0.1
84.9,0.1
84.92,0.0
84.94,-0.1
84.96,-0.2
84.98,-0.3
85.0,-0.4
85.02,-0.5
85.04,-0.5
85.06,-0.5
85.08,-0.6
85.1,-0.6
85.12,-0.7
85.14,-0.7
85.16,-0.7
85.18,-0.8
85.2,-0.8
85.22,-0.8
85.24,-0.8
85.26,-0.8
85.28,-0.8
85.3,-0.7
85.32,-0.7
85.34,-0.7
85.36,-0.6
85.38,-0.6
85.4,-0.5
85.42,-0.5
85.44,-0.5
85.46,-0.4
85.48,-0.4
85.5,-0.3
85.52,-0.2
85.54,-0.1
85.56,-0.1
85.58,0.0
85.6,0.1
85.62,0.1
85.64,0.2
85.66,0.3
85.68,0.3
85.7,0.4
85.72,0.5
85.74,0.5
85.76,0.5
85.78,0.5
85.8,0.5
85.82,0.5
85.84,0.5
85.86,0.5
85.88,0.5
85.9,0.5
85.92,0.5
85.94,0.5
85.96,0.5
85.98,0.5
86.0,0.5
86.02,0.5
86.04,0.5
86.06,0.4
86.08,0.4
86.1,0.3
86.12,0.2
86.14,0.2
86.16,0.1
86.18,0.1
86.2,0.0
86.22,0.0
86.24,-0.1
86.26,-0.2
86.28,-0.2
86.3,-0.3
86.32,-0.3
86.34,-0.4
86.36,-0.4
86.38,-0.4
86.4,-0.5
86.42,-0.5
86.44,-0.5
86.46,-0.5
86.48,-0.5
86.5,-0.5
86.52,-0.5
86.54,-0.5
86.56,-0.5
86.58,-0.5
86.6,-0.5
86.62,-0.5
86.64,-0.4
86.66,-0.4
86.68,-0.4
86.7,-0.3
86.72,-0.3
86.74,-0.3
86.76,-0.2
86.78,-0.2
86.8,-0.1
86.82,-0.1
86.84,0.0
86.86,0.0
86.88,0.1
86.9,0.1
86.92,0.1
86.94,0.2
86.96,0.2
86.98,0.3
87.0,0.3
87.02,0.3
87.04,0.3
87.06,0.3
87.08,0.3
87.1,0.3
87.12,0.3
87.14,0.3
87.16,0.3
87.18,0.3
87.2,0.3
87.22,0.3
87.24,0.3
87.26,0.2
87.28,0.2
87.3,0.2
87.32,0.2
87.34,0.1
87.36,0.1
87.38,0.1
87.4,0.0
87.42,0.0
87.44,0.0
87.46,-0.1
87.48,-0.1
87.5,-0.1
87.52,-0.2
87.54,-0.2
87.56,-0.2
87.58,-0.2
87.6,-0.3
87.62,-0.3
87.64,-0.3
87.66,-0.3
87.68,-0.3
87.7,-0.3
87.72,-0.3
87.74,-0.3
87.76,-0.3
87.78,-0.3
87.8,-0.3
87.82,-0.3
87.84,-0.3
87.86,-0.2
87.88,-0.2
87.9,-0.2
87.92,-0.2
87.94,-0.1
87.96,-0.1
87.98,-0.1
88.0,-0.1
88.02,0.0
88.04,0.0
88.06,0.0
88.08,0.0
88.1,0.1
88.12,0.1
88.14,0.1
88.16,0.1
88.18,0.1
88.2,0.1
88.22,0.1
88.24,0.1
88.26,0.1
88.28,0.1
88.3,0.1
88.32,0.1
88.34,0.1
88.36,0.1
88.38,0.1
88.4,0.1
88.42,0.1
88.44,0.1
88.46,0.1
88.48,0.1
88.5,0.1
88.52,0.0
88.54,0.0
88.56,0.0
88.58,0.0
88.6,0.0
88.62,0.0
88.64,-0.1
88.66,-0.1
88.68,-0.1
88.7,-0.1
88.72,-0.1
88.74,-0.1
88.76,-0.1
88.78,-0.1
88.8,-0.1
88.82,-0.1
88.84,-0.1
88.86,-0.1
88.88,-0.1
88.9,-0.1
88.92,-0.1
88.94,-0.1
88.96,-0.1
88.98,-0.1
89.0,-0.1
89.02,-0.1
89.04,-0.1
89.06,-0.1
89.08,-0.1
89.1,-0.1
89.12,-0.1
89.14,0.0
89.16,0.0
89.18,0.0
89.2,0.0
89.22,0.0
89.24,0.0
89.26,0.0
89.28,0.0
89.3,0.0
89.32,0.0
89.34,0.0
89.36,0.0
89.38,0.0
89.4,0.0
89.42,0.0
89.44,0.0
89.46,0.0
89.48,0.0
89.5,0.0
89.52,0.0
89.54,0.0
89.56,0.0
89.58,0.0
89.6,0.0
89.62,0.0
89.64,0.0
89.66,0.0
89.68,0.0
89.7,0.0
89.72,0.0
89.74,0.0
89.76,0.0
89.78,0.0
89.8,0.0
89.82,0.0
89.84,0.0
89.86,0.0
89.88,0.0
89.9,0.0
89.92,0.0
89.94,0.0
89.96,0.0
89.98,0.0
90.0,0.0
90.02,0.0
90.04,0.0
90.06,0.0
90.08,0.0
90.1,0.0
90.12,0.0
90.14,0.0
90.16,0.0
90.18,0.0
90.2,0.0
90.22,0.0
90.24,0.0
90.26,0.0
90.28,0.0
90.3,0.0
90.32,0.0
90.34,0.0
90.36,0.0
90.38,0.0
90.4,0.0
